<?xml version="1.0" ?>

<container xmlns="http://symfony.com/schema/dic/services"
           xmlns:xsi="http://www.w3.org/2001/XMLSchema-instance"
           xsi:schemaLocation="http://symfony.com/schema/dic/services http://symfony.com/schema/dic/services/services-1.0.xsd">

    <services>
        <service id="shopware.api.connectorshippingmethods" class="ExactConnectorHelper\Components\Api\Resource\ConnectorShippingMethods"/>
        <service id="shopware.api.connectororderstatuses" class="ExactConnectorHelper\Components\Api\Resource\ConnectorOrderStatuses"/>
        <service id="shopware.api.connectorproductattributes" class="ExactConnectorHelper\Components\Api\Resource\ConnectorProductAttributes"/>
        <service id="shopware.api.connectorproductattributesoptions" class="ExactConnectorHelper\Components\Api\Resource\ConnectorProductAttributesOptions"/>
        <service id="shopware.api.connectorvatcodes" class="ExactConnectorHelper\Components\Api\Resource\ConnectorVatCode"/>
        <service id="shopware.api.connectorcurrencies" class="ExactConnectorHelper\Components\Api\Resource\ConnectorCurrencies"/>
        <service id="shopware.api.connectorpropertyvalues" class="ExactConnectorHelper\Components\Api\Resource\ConnectorPropertyValues"/>
        <service id="shopware.api.connectorfreefields" class="ExactConnectorHelper\Components\Api\Resource\ConnectorFreeFields"/>
    </services>
</container>